{"cameraMode":{"drawMode":0,"name":"Shaded","section":"Shading Mode"},"sceneLighting":false,"audioPlay":false,"sceneViewState":{"showFog":true,"showMaterialUpdate":false,"showSkybox":true,"showFlares":true,"showImageEffects":true,"showParticleSystems":true},"in2DMode":false,"pivot":{"x":-9.612141609191895,"y":-2.8776745796203615,"z":16.87348175048828},"rotation":{"x":0.02187885157763958,"y":-0.9681212902069092,"z":0.23230263590812684,"w":0.09117186069488526},"size":4.109582424163818,"orthographic":true}