{"cameraMode":{"drawMode":0,"name":"Shaded","section":"Shading Mode"},"sceneLighting":true,"audioPlay":false,"sceneViewState":{"showFog":true,"showMaterialUpdate":false,"showSkybox":true,"showFlares":true,"showImageEffects":true,"showParticleSystems":true},"in2DMode":false,"pivot":{"x":-0.1805286407470703,"y":-0.30454444885253909,"z":1.050081491470337},"rotation":{"x":-0.2330598682165146,"y":0.308589905500412,"z":-0.07826966047286987,"w":-0.9188739061355591},"size":5.356202602386475,"orthographic":false}